section_id,page_no,reason
Reference Images,Bosch Motronic system drawing,No table detected or no spec rows parsed
35,00-index-a,No table detected or no spec rows parsed
35,01,No table detected or no spec rows parsed
35,02,No table detected or no spec rows parsed
35,03,No table detected or no spec rows parsed
35,04,No table detected or no spec rows parsed
35,05_1,No table detected or no spec rows parsed
35,06,No table detected or no spec rows parsed
35,07,No table detected or no spec rows parsed
35,08,No table detected or no spec rows parsed
35,09,No table detected or no spec rows parsed
51,00-index-a,No table detected or no spec rows parsed
51,00-index-b,No table detected or no spec rows parsed
51,00-index-c,No table detected or no spec rows parsed
51,00-index-d,No table detected or no spec rows parsed
51,00-index-e,No table detected or no spec rows parsed
51,110,No table detected or no spec rows parsed
51,111,No table detected or no spec rows parsed
51,112,No table detected or no spec rows parsed
51,113,No table detected or no spec rows parsed
51,114,No table detected or no spec rows parsed
51,115,No table detected or no spec rows parsed
51,116,No table detected or no spec rows parsed
51,120,No table detected or no spec rows parsed
51,121,No table detected or no spec rows parsed
51,122,No table detected or no spec rows parsed
51,123,No table detected or no spec rows parsed
51,124,No table detected or no spec rows parsed
51,125,No table detected or no spec rows parsed
51,130,No table detected or no spec rows parsed
51,131,No table detected or no spec rows parsed
51,140,No table detected or no spec rows parsed
51,141,No table detected or no spec rows parsed
51,150,No table detected or no spec rows parsed
51,160,No table detected or no spec rows parsed
51,161,No table detected or no spec rows parsed
51,162,No table detected or no spec rows parsed
51,163,No table detected or no spec rows parsed
51,164,No table detected or no spec rows parsed
51,210,No table detected or no spec rows parsed
51,211,No table detected or no spec rows parsed
51,212,No table detected or no spec rows parsed
51,213,No table detected or no spec rows parsed
51,214,No table detected or no spec rows parsed
51,215,No table detected or no spec rows parsed
51,216,No table detected or no spec rows parsed
51,220,No table detected or no spec rows parsed
51,230,No table detected or no spec rows parsed
51,240,No table detected or no spec rows parsed
51,241,No table detected or no spec rows parsed
51,250,No table detected or no spec rows parsed
51,251,No table detected or no spec rows parsed
51,252,No table detected or no spec rows parsed
51,260,No table detected or no spec rows parsed
51,261,No table detected or no spec rows parsed
51,262,No table detected or no spec rows parsed
51,263,No table detected or no spec rows parsed
51,310,No table detected or no spec rows parsed
51,311,No table detected or no spec rows parsed
51,312,No table detected or no spec rows parsed
51,314,No table detected or no spec rows parsed
51,316,No table detected or no spec rows parsed
51,317,No table detected or no spec rows parsed
51,318,No table detected or no spec rows parsed
51,319a,No table detected or no spec rows parsed
51,320,No table detected or no spec rows parsed
51,321,No table detected or no spec rows parsed
51,322,No table detected or no spec rows parsed
51,323,No table detected or no spec rows parsed
51,324,No table detected or no spec rows parsed
51,325,No table detected or no spec rows parsed
51,330,No table detected or no spec rows parsed
51,340,No table detected or no spec rows parsed
51,341,No table detected or no spec rows parsed
51,342,No table detected or no spec rows parsed
51,343,No table detected or no spec rows parsed
51,344,No table detected or no spec rows parsed
51,345,No table detected or no spec rows parsed
51,360,No table detected or no spec rows parsed
51,361,No table detected or no spec rows parsed
51,371,No table detected or no spec rows parsed
51,372,No table detected or no spec rows parsed
51,410,No table detected or no spec rows parsed
51,411,No table detected or no spec rows parsed
51,420,No table detected or no spec rows parsed
51,431,No table detected or no spec rows parsed
51,432,No table detected or no spec rows parsed
51,440,No table detected or no spec rows parsed
51,450,No table detected or no spec rows parsed
51,451,No table detected or no spec rows parsed
51,452,No table detected or no spec rows parsed
51,453,No table detected or no spec rows parsed
51,454,No table detected or no spec rows parsed
51,455,No table detected or no spec rows parsed
51,456,No table detected or no spec rows parsed
51,460,No table detected or no spec rows parsed
51,470,No table detected or no spec rows parsed
51,471,No table detected or no spec rows parsed
51,472,No table detected or no spec rows parsed
51,473,No table detected or no spec rows parsed
51,475,No table detected or no spec rows parsed
51,710,No table detected or no spec rows parsed
51,711,No table detected or no spec rows parsed
51,712,No table detected or no spec rows parsed
51,713,No table detected or no spec rows parsed
51,715,No table detected or no spec rows parsed
51,716,No table detected or no spec rows parsed
51,717,No table detected or no spec rows parsed
51,756,No table detected or no spec rows parsed
51,757,No table detected or no spec rows parsed
51,758,No table detected or no spec rows parsed
51,769,No table detected or no spec rows parsed
51,770,No table detected or no spec rows parsed
51,800,No table detected or no spec rows parsed
51,801,No table detected or no spec rows parsed
51,802,No table detected or no spec rows parsed
51,803,No table detected or no spec rows parsed
51,804,No table detected or no spec rows parsed
51,805,No table detected or no spec rows parsed
51,806,No table detected or no spec rows parsed
51,807,No table detected or no spec rows parsed
51,808,No table detected or no spec rows parsed
51,810,No table detected or no spec rows parsed
51,811,No table detected or no spec rows parsed
51,812,No table detected or no spec rows parsed
51,813,No table detected or no spec rows parsed
51,814,No table detected or no spec rows parsed
51,815,No table detected or no spec rows parsed
34,00-index-a,No table detected or no spec rows parsed
34,00-index-b,No table detected or no spec rows parsed
34,00-index-c,No table detected or no spec rows parsed
34,03,No table detected or no spec rows parsed
34,04,No table detected or no spec rows parsed
34,05,No table detected or no spec rows parsed
34,06,No table detected or no spec rows parsed
34,07,No table detected or no spec rows parsed
34,08,No table detected or no spec rows parsed
34,09,No table detected or no spec rows parsed
34,10,No table detected or no spec rows parsed
34,10a,No table detected or no spec rows parsed
34,11,No table detected or no spec rows parsed
34,12,No table detected or no spec rows parsed
34,13,No table detected or no spec rows parsed
34,16,No table detected or no spec rows parsed
34,17,No table detected or no spec rows parsed
34,18,No table detected or no spec rows parsed
34,19,No table detected or no spec rows parsed
34,20,No table detected or no spec rows parsed
34,21,No table detected or no spec rows parsed
34,22,No table detected or no spec rows parsed
34,23,No table detected or no spec rows parsed
34,24,No table detected or no spec rows parsed
34,25,No table detected or no spec rows parsed
34,26,No table detected or no spec rows parsed
34,27,No table detected or no spec rows parsed
34,28,No table detected or no spec rows parsed
34,29,No table detected or no spec rows parsed
34,30,No table detected or no spec rows parsed
34,31,No table detected or no spec rows parsed
34,31a,No table detected or no spec rows parsed
34,31c,No table detected or no spec rows parsed
34,33,No table detected or no spec rows parsed
34,34,No table detected or no spec rows parsed
34,34b,No table detected or no spec rows parsed
34,35,No table detected or no spec rows parsed
34,36,No table detected or no spec rows parsed
34,37,No table detected or no spec rows parsed
34,38,No table detected or no spec rows parsed
34,39,No table detected or no spec rows parsed
34,40,No table detected or no spec rows parsed
34,41,No table detected or no spec rows parsed
34,42,No table detected or no spec rows parsed
34,43,No table detected or no spec rows parsed
34,44,No table detected or no spec rows parsed
34,45,No table detected or no spec rows parsed
33,00-index-a,No table detected or no spec rows parsed
33,00,No table detected or no spec rows parsed
33,00_1,No table detected or no spec rows parsed
33,00_2,No table detected or no spec rows parsed
33,01_1,No table detected or no spec rows parsed
33,03,No table detected or no spec rows parsed
33,04,No table detected or no spec rows parsed
33,05,No table detected or no spec rows parsed
33,06,No table detected or no spec rows parsed
33,07,No table detected or no spec rows parsed
33,08,No table detected or no spec rows parsed
33,09,No table detected or no spec rows parsed
33,10,No table detected or no spec rows parsed
33,11,No table detected or no spec rows parsed
33,13,No table detected or no spec rows parsed
33,14,No table detected or no spec rows parsed
33,15,No table detected or no spec rows parsed
33,16,No table detected or no spec rows parsed
33,18,No table detected or no spec rows parsed
18,02,No table detected or no spec rows parsed
18,03,No table detected or no spec rows parsed
18,05,No table detected or no spec rows parsed
18,06,No table detected or no spec rows parsed
18,07,No table detected or no spec rows parsed
18,08,No table detected or no spec rows parsed
18,09,No table detected or no spec rows parsed
11,00-index-a,No table detected or no spec rows parsed
11,00-index-b,No table detected or no spec rows parsed
11,00-index-c,No table detected or no spec rows parsed
11,100,No table detected or no spec rows parsed
11,103,No table detected or no spec rows parsed
11,105,No table detected or no spec rows parsed
11,108,No table detected or no spec rows parsed
11,109,No table detected or no spec rows parsed
11,50,No table detected or no spec rows parsed
11,52a,No table detected or no spec rows parsed
11,52b,No table detected or no spec rows parsed
11,53,No table detected or no spec rows parsed
11,53a,No table detected or no spec rows parsed
11,54,No table detected or no spec rows parsed
11,55,No table detected or no spec rows parsed
11,55a,No table detected or no spec rows parsed
11,56,No table detected or no spec rows parsed
11,58,No table detected or no spec rows parsed
11,60,No table detected or no spec rows parsed
11,61,No table detected or no spec rows parsed
11,61a,No table detected or no spec rows parsed
11,61b,No table detected or no spec rows parsed
11,64,No table detected or no spec rows parsed
11,66,No table detected or no spec rows parsed
11,68,No table detected or no spec rows parsed
11,69,No table detected or no spec rows parsed
11,71,No table detected or no spec rows parsed
11,72,No table detected or no spec rows parsed
11,73,No table detected or no spec rows parsed
11,75,No table detected or no spec rows parsed
11,76,No table detected or no spec rows parsed
11,77,No table detected or no spec rows parsed
11,78,No table detected or no spec rows parsed
11,78b,No table detected or no spec rows parsed
16,00-index-a,No table detected or no spec rows parsed
16,00,No table detected or no spec rows parsed
16,01,No table detected or no spec rows parsed
16,05,No table detected or no spec rows parsed
16,06,No table detected or no spec rows parsed
16,08,No table detected or no spec rows parsed
16,10,No table detected or no spec rows parsed
16,11,No table detected or no spec rows parsed
favicon,android-chrome-192x192,No table detected or no spec rows parsed
favicon,android-chrome-512x512,No table detected or no spec rows parsed
favicon,apple-touch-icon,No table detected or no spec rows parsed
favicon,favicon-16x16,No table detected or no spec rows parsed
favicon,favicon-32x32,No table detected or no spec rows parsed
17,00-index-a,No table detected or no spec rows parsed
17,01,No table detected or no spec rows parsed
17,02,No table detected or no spec rows parsed
17,03,No table detected or no spec rows parsed
17,04,No table detected or no spec rows parsed
17,04_1,No table detected or no spec rows parsed
17,06,No table detected or no spec rows parsed
17,06_1,No table detected or no spec rows parsed
17,07,No table detected or no spec rows parsed
26,00-index-a,No table detected or no spec rows parsed
26,01a,No table detected or no spec rows parsed
26,03,No table detected or no spec rows parsed
26,04,No table detected or no spec rows parsed
26,05,No table detected or no spec rows parsed
26,06,No table detected or no spec rows parsed
26,07,No table detected or no spec rows parsed
26,08,No table detected or no spec rows parsed
26,09,No table detected or no spec rows parsed
26,11,No table detected or no spec rows parsed
26,12,No table detected or no spec rows parsed
26,13,No table detected or no spec rows parsed
26,14,No table detected or no spec rows parsed
26,15,No table detected or no spec rows parsed
26,16,No table detected or no spec rows parsed
21,00-index-a,No table detected or no spec rows parsed
21,02,No table detected or no spec rows parsed
21,04,No table detected or no spec rows parsed
21,06,No table detected or no spec rows parsed
21,07,No table detected or no spec rows parsed
72,00-index-a,No table detected or no spec rows parsed
72,110,No table detected or no spec rows parsed
72,111,No table detected or no spec rows parsed
72,112,No table detected or no spec rows parsed
72,113,No table detected or no spec rows parsed
72,115,No table detected or no spec rows parsed
72,116,No table detected or no spec rows parsed
72,117,No table detected or no spec rows parsed
72,118,No table detected or no spec rows parsed
72,120,No table detected or no spec rows parsed
00,00-index-a,No table detected or no spec rows parsed
00,00-intro-01,No table detected or no spec rows parsed
00,00-intro-02,No table detected or no spec rows parsed
00,00-intro-04,No table detected or no spec rows parsed
00,01,No table detected or no spec rows parsed
00,02,No table detected or no spec rows parsed
00,03,No table detected or no spec rows parsed
00,04,No table detected or no spec rows parsed
00,05,No table detected or no spec rows parsed
00,06,No table detected or no spec rows parsed
00,07,No table detected or no spec rows parsed
00,08,No table detected or no spec rows parsed
00,09,No table detected or no spec rows parsed
00,10,No table detected or no spec rows parsed
00,11,No table detected or no spec rows parsed
00,12,No table detected or no spec rows parsed
00,13,No table detected or no spec rows parsed
00,14,No table detected or no spec rows parsed
00,15,No table detected or no spec rows parsed
00,16,No table detected or no spec rows parsed
00,17,No table detected or no spec rows parsed
00,18,No table detected or no spec rows parsed
00,19,Image not found
00,20,Image not found
00,21,Image not found
00,22,Image not found
00,23,Image not found
00,24,Image not found
00,25,Image not found
00,26,Image not found
00,27,Image not found
00,28,Image not found
00,29,Image not found
00,30,Image not found
00,31,Image not found
00,32,Image not found
00,33,Image not found
00,34,Image not found
00,35,Image not found
00,36,Image not found
00,37,Image not found
00,38,Image not found
00,39,Image not found
00,40,Image not found
36,00-index-a,No table detected or no spec rows parsed
36,01,No table detected or no spec rows parsed
36,03,No table detected or no spec rows parsed
36,04,No table detected or no spec rows parsed
36,05,No table detected or no spec rows parsed
36,07,No table detected or no spec rows parsed
36,08,No table detected or no spec rows parsed
36,10,No table detected or no spec rows parsed
36,11,No table detected or no spec rows parsed
31,00-index-a,No table detected or no spec rows parsed
31,00-index-b,No table detected or no spec rows parsed
31,00-index-c,No table detected or no spec rows parsed
31,01,No table detected or no spec rows parsed
31,02,No table detected or no spec rows parsed
31,03,No table detected or no spec rows parsed
31,04,No table detected or no spec rows parsed
31,05,No table detected or no spec rows parsed
31,05_1,No table detected or no spec rows parsed
31,06,No table detected or no spec rows parsed
31,06_1,No table detected or no spec rows parsed
31,07,No table detected or no spec rows parsed
31,08,No table detected or no spec rows parsed
31,09,No table detected or no spec rows parsed
31,09_2,No table detected or no spec rows parsed
31,10,No table detected or no spec rows parsed
31,10_1,No table detected or no spec rows parsed
31,11,No table detected or no spec rows parsed
31,11_1,No table detected or no spec rows parsed
31,11_2,No table detected or no spec rows parsed
31,12,No table detected or no spec rows parsed
31,13,No table detected or no spec rows parsed
31,15,No table detected or no spec rows parsed
31,16,No table detected or no spec rows parsed
31,16_1,No table detected or no spec rows parsed
31,16_3,No table detected or no spec rows parsed
31,16_4,No table detected or no spec rows parsed
31,17,No table detected or no spec rows parsed
31,18,No table detected or no spec rows parsed
31,19,No table detected or no spec rows parsed
31,20,No table detected or no spec rows parsed
31,21,No table detected or no spec rows parsed
31,22,No table detected or no spec rows parsed
31,23,No table detected or no spec rows parsed
31,24,No table detected or no spec rows parsed
31,25,No table detected or no spec rows parsed
31,26,No table detected or no spec rows parsed
31,27,No table detected or no spec rows parsed
31,28,No table detected or no spec rows parsed
31,29,No table detected or no spec rows parsed
31,30,No table detected or no spec rows parsed
31,31,No table detected or no spec rows parsed
31,32,No table detected or no spec rows parsed
31,33,No table detected or no spec rows parsed
31,34,No table detected or no spec rows parsed
31,35,No table detected or no spec rows parsed
31,37,No table detected or no spec rows parsed
31,38,No table detected or no spec rows parsed
31,39,No table detected or no spec rows parsed
31,40,No table detected or no spec rows parsed
31,41,No table detected or no spec rows parsed
31,42,No table detected or no spec rows parsed
31,43,No table detected or no spec rows parsed
31,44,No table detected or no spec rows parsed
31,45,No table detected or no spec rows parsed
31,46,No table detected or no spec rows parsed
31,47,No table detected or no spec rows parsed
31,48,No table detected or no spec rows parsed
65,00-index-a,No table detected or no spec rows parsed
65,00-index-b,No table detected or no spec rows parsed
65,101,No table detected or no spec rows parsed
65,101a,No table detected or no spec rows parsed
65,102,No table detected or no spec rows parsed
65,103,No table detected or no spec rows parsed
65,151,No table detected or no spec rows parsed
65,151a,No table detected or no spec rows parsed
65,152,No table detected or no spec rows parsed
65,153,No table detected or no spec rows parsed
65,191,No table detected or no spec rows parsed
65,301,No table detected or no spec rows parsed
65,302,No table detected or no spec rows parsed
65,303,No table detected or no spec rows parsed
65,304,No table detected or no spec rows parsed
65,305,No table detected or no spec rows parsed
65,306,No table detected or no spec rows parsed
65,307,No table detected or no spec rows parsed
65,351,No table detected or no spec rows parsed
65,352,No table detected or no spec rows parsed
65,353,No table detected or no spec rows parsed
65,354,No table detected or no spec rows parsed
65,355,No table detected or no spec rows parsed
65,356,No table detected or no spec rows parsed
65,360,No table detected or no spec rows parsed
65,361,No table detected or no spec rows parsed
65,500,No table detected or no spec rows parsed
65,501,No table detected or no spec rows parsed
65,502,No table detected or no spec rows parsed
65,503,No table detected or no spec rows parsed
65,90,No table detected or no spec rows parsed
65,91,No table detected or no spec rows parsed
65,92,No table detected or no spec rows parsed
65,93,No table detected or no spec rows parsed
65,94,No table detected or no spec rows parsed
Bosch Motronic ML 3-1,04,No table detected or no spec rows parsed
Bosch Motronic ML 3-1,06,No table detected or no spec rows parsed
Bosch Motronic ML 3-1,08,No table detected or no spec rows parsed
Bosch Motronic ML 3-1,12,No table detected or no spec rows parsed
Bosch Motronic ML 3-1,14,No table detected or no spec rows parsed
Bosch Motronic ML 3-1,18,No table detected or no spec rows parsed
Bosch Motronic ML 3-1,20,No table detected or no spec rows parsed
62,00-index-a,No table detected or no spec rows parsed
62,00-index-b,No table detected or no spec rows parsed
62,01,No table detected or no spec rows parsed
62,02,No table detected or no spec rows parsed
62,03,No table detected or no spec rows parsed
62,04,No table detected or no spec rows parsed
62,53,No table detected or no spec rows parsed
62,61,No table detected or no spec rows parsed
62,71,No table detected or no spec rows parsed
62,72,No table detected or no spec rows parsed
62,73,No table detected or no spec rows parsed
62,74,No table detected or no spec rows parsed
62,75,No table detected or no spec rows parsed
62,76,No table detected or no spec rows parsed
62,77,No table detected or no spec rows parsed
62,78,No table detected or no spec rows parsed
62,79,No table detected or no spec rows parsed
62,80,No table detected or no spec rows parsed
62,81,No table detected or no spec rows parsed
62,82,No table detected or no spec rows parsed
62,83,No table detected or no spec rows parsed
62,84,No table detected or no spec rows parsed
62,85,No table detected or no spec rows parsed
62,86,No table detected or no spec rows parsed
62,87,No table detected or no spec rows parsed
54,00-index-a,No table detected or no spec rows parsed
54,02,No table detected or no spec rows parsed
54,03,No table detected or no spec rows parsed
54,04,No table detected or no spec rows parsed
54,06,No table detected or no spec rows parsed
54,07,No table detected or no spec rows parsed
54,09,No table detected or no spec rows parsed
54,10,No table detected or no spec rows parsed
54,14,No table detected or no spec rows parsed
54,14_1,No table detected or no spec rows parsed
54,14_2,No table detected or no spec rows parsed
54,16,No table detected or no spec rows parsed
54,17,No table detected or no spec rows parsed
54,19,No table detected or no spec rows parsed
52,00-index-a,No table detected or no spec rows parsed
52,101,No table detected or no spec rows parsed
52,102,No table detected or no spec rows parsed
52,103,No table detected or no spec rows parsed
52,201,No table detected or no spec rows parsed
97,00-index-a,No table detected or no spec rows parsed
97,01,No table detected or no spec rows parsed
97,02,No table detected or no spec rows parsed
63,00-index-a,No table detected or no spec rows parsed
63,02,No table detected or no spec rows parsed
63,02a,No table detected or no spec rows parsed
63,03,No table detected or no spec rows parsed
63,04,No table detected or no spec rows parsed
64,00-index-a,No table detected or no spec rows parsed
64,00-index-b,No table detected or no spec rows parsed
64,01-operation,No table detected or no spec rows parsed
64,01,No table detected or no spec rows parsed
64,02,No table detected or no spec rows parsed
64,04,No table detected or no spec rows parsed
64,05,No table detected or no spec rows parsed
64,06,No table detected or no spec rows parsed
64,07,No table detected or no spec rows parsed
64,08,No table detected or no spec rows parsed
64,09,No table detected or no spec rows parsed
64,10,No table detected or no spec rows parsed
64,110,No table detected or no spec rows parsed
64,111,No table detected or no spec rows parsed
64,112,No table detected or no spec rows parsed
64,113,No table detected or no spec rows parsed
64,114,No table detected or no spec rows parsed
64,116,No table detected or no spec rows parsed
64,117,No table detected or no spec rows parsed
64,118,No table detected or no spec rows parsed
64,119,No table detected or no spec rows parsed
64,120,No table detected or no spec rows parsed
64,121,No table detected or no spec rows parsed
64,122,No table detected or no spec rows parsed
64,123,No table detected or no spec rows parsed
64,500,No table detected or no spec rows parsed
64,501,No table detected or no spec rows parsed
64,502,No table detected or no spec rows parsed
64,503,No table detected or no spec rows parsed
64,504,No table detected or no spec rows parsed
64,505,No table detected or no spec rows parsed
64,505a,No table detected or no spec rows parsed
64,506,No table detected or no spec rows parsed
64,507,No table detected or no spec rows parsed
1990,00-cover,No table detected or no spec rows parsed
1990,00-foreword,No table detected or no spec rows parsed
1990,00,No table detected or no spec rows parsed
1990,01-index-a,No table detected or no spec rows parsed
1990,01,No table detected or no spec rows parsed
1990,02-index-b,No table detected or no spec rows parsed
1990,02,No table detected or no spec rows parsed
1990,03,No table detected or no spec rows parsed
1990,04,No table detected or no spec rows parsed
1990,05,No table detected or no spec rows parsed
1990,06,No table detected or no spec rows parsed
1990,07,No table detected or no spec rows parsed
1990,08,No table detected or no spec rows parsed
1990,09,No table detected or no spec rows parsed
1990,10,No table detected or no spec rows parsed
1990,11,No table detected or no spec rows parsed
1990,12,No table detected or no spec rows parsed
1990,13,No table detected or no spec rows parsed
1990,15,No table detected or no spec rows parsed
1990,16,No table detected or no spec rows parsed
1990,5126A-00,No table detected or no spec rows parsed
1990,5126A-03,No table detected or no spec rows parsed
1990,6500A-00,No table detected or no spec rows parsed
1990,6500A-01,No table detected or no spec rows parsed
1990,6500A-03,No table detected or no spec rows parsed
41,00-index-a,Image not found
41,00-index-b,Image not found
41,00-index-c,Image not found
41,00-index-d,Image not found
41,00-index-e,Image not found
41,00-index-f,No table detected or no spec rows parsed
41,00-index-g,No table detected or no spec rows parsed
41,001,Image not found
41,002,Image not found
41,002_1,Image not found
41,003,Image not found
41,004,Image not found
41,005,Image not found
41,006,Image not found
41,010,Image not found
41,011,Image not found
41,012,Image not found
41,013,Image not found
41,014,Image not found
41,015,Image not found
41,101,Image not found
41,101c,No table detected or no spec rows parsed
41,102,Image not found
41,102c,No table detected or no spec rows parsed
41,103,Image not found
41,103c,No table detected or no spec rows parsed
41,104,Image not found
41,104c,No table detected or no spec rows parsed
41,105,Image not found
41,105c,No table detected or no spec rows parsed
41,106,Image not found
41,106c,No table detected or no spec rows parsed
41,107,Image not found
41,107c,No table detected or no spec rows parsed
41,108,Image not found
41,108c,No table detected or no spec rows parsed
41,109,Image not found
41,109c,No table detected or no spec rows parsed
41,110,Image not found
41,110c,No table detected or no spec rows parsed
41,111,Image not found
41,111c,No table detected or no spec rows parsed
41,112,Image not found
41,112c,No table detected or no spec rows parsed
41,113,Image not found
41,113c,No table detected or no spec rows parsed
41,114,Image not found
41,114c,No table detected or no spec rows parsed
41,115,Image not found
41,115c,No table detected or no spec rows parsed
41,116,Image not found
41,116c,No table detected or no spec rows parsed
41,117,Image not found
41,117c,No table detected or no spec rows parsed
41,118,Image not found
41,119,Image not found
41,120,Image not found
41,121,Image not found
41,122,Image not found
41,123,Image not found
41,124,Image not found
41,125,Image not found
41,126,Image not found
41,127,Image not found
41,128,Image not found
41,129,Image not found
41,130,Image not found
41,201,Image not found
41,201c,No table detected or no spec rows parsed
41,202,Image not found
41,202c,No table detected or no spec rows parsed
41,203,Image not found
41,203c,No table detected or no spec rows parsed
41,204,Image not found
41,204c,No table detected or no spec rows parsed
41,205,Image not found
41,206,Image not found
41,207,Image not found
41,208,Image not found
41,209,Image not found
41,210,Image not found
41,211,Image not found
41,212,Image not found
41,213,Image not found
41,214,Image not found
41,215,Image not found
41,216,Image not found
41,217,Image not found
41,301,Image not found
41,301c,No table detected or no spec rows parsed
41,302,Image not found
41,302c,No table detected or no spec rows parsed
41,303,Image not found
41,303c,No table detected or no spec rows parsed
41,304,Image not found
41,304c,No table detected or no spec rows parsed
41,305,Image not found
41,305c,No table detected or no spec rows parsed
41,306,Image not found
41,307,Image not found
41,308,Image not found
41,309,Image not found
41,310,Image not found
41,311,Image not found
41,312,Image not found
41,313,Image not found
41,314,Image not found
41,315,Image not found
41,316,Image not found
41,317,Image not found
41,318,Image not found
41,319,Image not found
41,320,Image not found
41,321,Image not found
41,322,Image not found
41,323,Image not found
41,324,Image not found
41,325,Image not found
41,326,Image not found
41,327,Image not found
41,328,Image not found
41,329,Image not found
41,330,Image not found
41,331,Image not found
41,332,Image not found
41,333,Image not found
41,334,Image not found
41,335,Image not found
41,500,Image not found
41,501,Image not found
41,502,Image not found
41,503,Image not found
41,504,Image not found
41,505,Image not found
41,506,Image not found
41,507,Image not found
41,508,Image not found
41,601,Image not found
41,602,Image not found
23,00-index-a,No table detected or no spec rows parsed
23,00-index-b,No table detected or no spec rows parsed
23,00-index-c,No table detected or no spec rows parsed
23,00-index-d,No table detected or no spec rows parsed
23,00-index-e,No table detected or no spec rows parsed
23,00-index-f,No table detected or no spec rows parsed
23,02,No table detected or no spec rows parsed
23,03,No table detected or no spec rows parsed
23,04,No table detected or no spec rows parsed
23,05,No table detected or no spec rows parsed
23,07,No table detected or no spec rows parsed
23,08,No table detected or no spec rows parsed
23,09,No table detected or no spec rows parsed
23,101,No table detected or no spec rows parsed
23,102,No table detected or no spec rows parsed
23,103,No table detected or no spec rows parsed
23,104,No table detected or no spec rows parsed
23,105,No table detected or no spec rows parsed
23,106,No table detected or no spec rows parsed
23,108,No table detected or no spec rows parsed
23,11,No table detected or no spec rows parsed
23,111,No table detected or no spec rows parsed
23,112,No table detected or no spec rows parsed
23,113,No table detected or no spec rows parsed
23,115,No table detected or no spec rows parsed
23,116,No table detected or no spec rows parsed
23,117,No table detected or no spec rows parsed
23,118,No table detected or no spec rows parsed
23,119,No table detected or no spec rows parsed
23,120,No table detected or no spec rows parsed
23,121,No table detected or no spec rows parsed
23,122,No table detected or no spec rows parsed
23,14,No table detected or no spec rows parsed
23,15,No table detected or no spec rows parsed
23,165,No table detected or no spec rows parsed
23,166,No table detected or no spec rows parsed
23,168,No table detected or no spec rows parsed
23,17,No table detected or no spec rows parsed
23,171,No table detected or no spec rows parsed
23,173a,No table detected or no spec rows parsed
23,174,No table detected or no spec rows parsed
23,175,No table detected or no spec rows parsed
23,176,No table detected or no spec rows parsed
23,177,No table detected or no spec rows parsed
23,178,No table detected or no spec rows parsed
23,179,No table detected or no spec rows parsed
23,18,No table detected or no spec rows parsed
23,180,No table detected or no spec rows parsed
23,181,No table detected or no spec rows parsed
23,182,No table detected or no spec rows parsed
23,183,No table detected or no spec rows parsed
23,184,No table detected or no spec rows parsed
23,185,No table detected or no spec rows parsed
23,186,No table detected or no spec rows parsed
23,187,No table detected or no spec rows parsed
23,188,No table detected or no spec rows parsed
23,19,No table detected or no spec rows parsed
23,20,No table detected or no spec rows parsed
23,21,No table detected or no spec rows parsed
23,300,No table detected or no spec rows parsed
23,301,No table detected or no spec rows parsed
23,302,No table detected or no spec rows parsed
23,303,No table detected or no spec rows parsed
23,304,No table detected or no spec rows parsed
23,305,No table detected or no spec rows parsed
23,306,No table detected or no spec rows parsed
23,307,No table detected or no spec rows parsed
23,308,No table detected or no spec rows parsed
23,309,No table detected or no spec rows parsed
23,310,No table detected or no spec rows parsed
23,312,No table detected or no spec rows parsed
23,315,No table detected or no spec rows parsed
23,316,No table detected or no spec rows parsed
23,317,No table detected or no spec rows parsed
23,318,No table detected or no spec rows parsed
23,319,No table detected or no spec rows parsed
23,320,No table detected or no spec rows parsed
23,321,No table detected or no spec rows parsed
23,322,No table detected or no spec rows parsed
23,323,No table detected or no spec rows parsed
23,324,No table detected or no spec rows parsed
12,00-index-a,No table detected or no spec rows parsed
12,00-index-b,No table detected or no spec rows parsed
12,00-index-c,No table detected or no spec rows parsed
12,00-index-d,No table detected or no spec rows parsed
12,00-index-e,No table detected or no spec rows parsed
12,00,No table detected or no spec rows parsed
12,01a,No table detected or no spec rows parsed
12,02,No table detected or no spec rows parsed
12,03,No table detected or no spec rows parsed
12,04,No table detected or no spec rows parsed
12,05,No table detected or no spec rows parsed
12,06,No table detected or no spec rows parsed
12,07,No table detected or no spec rows parsed
12,08,No table detected or no spec rows parsed
12,10,No table detected or no spec rows parsed
12,100,No table detected or no spec rows parsed
12,101,No table detected or no spec rows parsed
12,102,No table detected or no spec rows parsed
12,103,No table detected or no spec rows parsed
12,104,No table detected or no spec rows parsed
12,105,No table detected or no spec rows parsed
12,106,No table detected or no spec rows parsed
12,107,No table detected or no spec rows parsed
12,107_1,No table detected or no spec rows parsed
12,107_2,No table detected or no spec rows parsed
12,107_3,No table detected or no spec rows parsed
12,107_4,No table detected or no spec rows parsed
12,107a,No table detected or no spec rows parsed
12,108,No table detected or no spec rows parsed
12,108_1,No table detected or no spec rows parsed
12,110,No table detected or no spec rows parsed
12,112,No table detected or no spec rows parsed
12,112_2,No table detected or no spec rows parsed
12,112_3,No table detected or no spec rows parsed
12,113,No table detected or no spec rows parsed
12,114_1,No table detected or no spec rows parsed
12,115,No table detected or no spec rows parsed
12,130,No table detected or no spec rows parsed
12,131,No table detected or no spec rows parsed
12,132,No table detected or no spec rows parsed
12,132_1,No table detected or no spec rows parsed
12,133,No table detected or no spec rows parsed
12,134,No table detected or no spec rows parsed
12,135,No table detected or no spec rows parsed
12,141,No table detected or no spec rows parsed
12,142,No table detected or no spec rows parsed
12,142_1,No table detected or no spec rows parsed
12,142_2,No table detected or no spec rows parsed
12,142_3,No table detected or no spec rows parsed
12,143,No table detected or no spec rows parsed
12,143_1,No table detected or no spec rows parsed
12,143_2,No table detected or no spec rows parsed
12,150,No table detected or no spec rows parsed
12,152,No table detected or no spec rows parsed
12,154,No table detected or no spec rows parsed
12,154_1,No table detected or no spec rows parsed
12,160,No table detected or no spec rows parsed
12,20,No table detected or no spec rows parsed
12,200,No table detected or no spec rows parsed
12,21,No table detected or no spec rows parsed
12,22,No table detected or no spec rows parsed
12,23,No table detected or no spec rows parsed
12,24,No table detected or no spec rows parsed
12,40,No table detected or no spec rows parsed
12,41,No table detected or no spec rows parsed
12,42,No table detected or no spec rows parsed
12,43,No table detected or no spec rows parsed
12,44,No table detected or no spec rows parsed
12,46,No table detected or no spec rows parsed
12,51,No table detected or no spec rows parsed
12,52,No table detected or no spec rows parsed
13,00-index-a,No table detected or no spec rows parsed
13,613,No table detected or no spec rows parsed
13,620,No table detected or no spec rows parsed
13,621,No table detected or no spec rows parsed
13,622,No table detected or no spec rows parsed
13,626,No table detected or no spec rows parsed
13,629,No table detected or no spec rows parsed
13,630,No table detected or no spec rows parsed
13,631,No table detected or no spec rows parsed
13,640,No table detected or no spec rows parsed
13,641,No table detected or no spec rows parsed
13,642,No table detected or no spec rows parsed
13,643,No table detected or no spec rows parsed
13,700,No table detected or no spec rows parsed
13,700a,No table detected or no spec rows parsed
13,701,No table detected or no spec rows parsed
13,702,No table detected or no spec rows parsed
13,703,No table detected or no spec rows parsed
13,710,No table detected or no spec rows parsed
13,713,No table detected or no spec rows parsed
13,720,No table detected or no spec rows parsed
13,730,No table detected or no spec rows parsed
13,731,No table detected or no spec rows parsed
13,732,No table detected or no spec rows parsed
13,750,No table detected or no spec rows parsed
13,760,No table detected or no spec rows parsed
13,762,No table detected or no spec rows parsed
13,771,No table detected or no spec rows parsed
13,781,No table detected or no spec rows parsed
13,800,No table detected or no spec rows parsed
13,801,No table detected or no spec rows parsed
13,802,No table detected or no spec rows parsed
13,803,No table detected or no spec rows parsed
13,804,No table detected or no spec rows parsed
13,805,No table detected or no spec rows parsed
13,806,No table detected or no spec rows parsed
13,810,No table detected or no spec rows parsed
13,811,No table detected or no spec rows parsed
13,812,No table detected or no spec rows parsed
13,813,No table detected or no spec rows parsed
13,814,No table detected or no spec rows parsed
13,815,No table detected or no spec rows parsed
13,816,No table detected or no spec rows parsed
13,850,No table detected or no spec rows parsed
13,851,No table detected or no spec rows parsed
13,852,No table detected or no spec rows parsed
13,854,No table detected or no spec rows parsed
13,855,No table detected or no spec rows parsed
13,856,No table detected or no spec rows parsed
13,901,No table detected or no spec rows parsed
13,902,No table detected or no spec rows parsed
13,903,No table detected or no spec rows parsed
13,904,No table detected or no spec rows parsed
13,906,No table detected or no spec rows parsed
13,907,No table detected or no spec rows parsed
13,908,No table detected or no spec rows parsed
13,909,No table detected or no spec rows parsed
13,910,No table detected or no spec rows parsed
13,911,No table detected or no spec rows parsed
13,912,No table detected or no spec rows parsed
13,932,No table detected or no spec rows parsed
25,00-index-a,No table detected or no spec rows parsed
25,01,No table detected or no spec rows parsed
25,02,No table detected or no spec rows parsed
25,03,No table detected or no spec rows parsed
25,04,No table detected or no spec rows parsed
25,05,No table detected or no spec rows parsed
25,06,No table detected or no spec rows parsed
25,07,No table detected or no spec rows parsed
25,08,No table detected or no spec rows parsed
25,10,No table detected or no spec rows parsed
25,11,No table detected or no spec rows parsed
25,12,No table detected or no spec rows parsed
25,13,No table detected or no spec rows parsed
25,14,No table detected or no spec rows parsed
25,15,No table detected or no spec rows parsed
25,16,No table detected or no spec rows parsed
25,17,No table detected or no spec rows parsed
25,18,No table detected or no spec rows parsed
25,19,No table detected or no spec rows parsed
25,20,No table detected or no spec rows parsed
25,21,No table detected or no spec rows parsed
25,22,No table detected or no spec rows parsed
